{
  "admin": {
    "username": "admin",
    "password": "5f4dcc3b5aa765d61d8327deb882cf99",
    "loginToken": "",
    "logs": [
      {
        "time": "2020-01-11T15:23:07.971Z",
        "type": "SUCCESS",
        "message": "Build Succeded!"
      },
      {
        "time": "2020-01-11T15:27:32.586Z",
        "type": "SUCCESS",
        "message": "Build Succeded!"
      },
      {
        "time": "2020-01-11T16:08:04.582Z",
        "type": "SUCCESS",
        "message": "Build Succeded!"
      }
    ],
    "ipLog": []
  },
  "clients": []
}